City_ID,City,Lat,Lng,Max Temp,Humidity,Cloudiness,Wind Speed,Country,Date
0,papatowai,-46.5619,169.4708,7.18,71,91,6.95,NZ,1714947481
1,grytviken,-54.2811,-36.5092,3.32,89,70,4.62,GS,1714947481
2,whitehorse,60.7161,-135.0538,13.9,41,100,2.24,CA,1714947481
3,severo-yeniseyskiy,60.3725,93.0408,1.99,100,100,1.79,RU,1714947481
4,iqaluit,63.7506,-68.5145,-3.5,73,60,5.36,CA,1714947481
5,turinskaya sloboda,57.6232,64.3858,-2.94,91,22,2.51,RU,1714947482
6,hithadhoo,-0.6,73.0833,29.54,77,100,6.6,MV,1714947482
7,waitangi,-43.9535,-176.5597,13.23,84,56,1.34,NZ,1714947482
8,portland,45.5234,-122.6762,12.07,92,100,5.66,US,1714947002
9,luderitz,-26.6481,15.1594,15.7,69,0,2.46,NA,1714947482
10,jamestown,42.097,-79.2353,19.77,87,100,2.24,US,1714947316
11,ushuaia,-54.8,-68.3,0.49,98,100,1.81,AR,1714947483
12,larache,35.1932,-6.1557,17.28,93,100,1.3,MA,1714947483
13,warrenpoint,54.0995,-6.2509,13.38,87,99,1.41,GB,1714947483
14,port elizabeth,-33.918,25.5701,16.29,75,48,1.34,ZA,1714947483
15,cidade velha,14.9167,-23.6167,26.26,38,0,6.17,CV,1714947484
16,mahibadhoo,3.7833,72.9667,29.26,79,99,5.59,MV,1714947484
17,el nido,11.1858,119.3956,28.03,79,50,2.41,PH,1714947484
18,mermoz boabab,14.7065,-17.4758,24.31,86,0,7.34,SN,1714947484
19,tazovsky,67.4667,78.7,-7.04,92,100,6.45,RU,1714947484
20,stanley,54.868,-1.6985,11.96,93,40,1.54,GB,1714947485
21,the pas,53.8251,-101.2541,15.98,36,25,0.22,CA,1714947485
22,port alfred,-33.5906,26.891,20.2,64,20,4.94,ZA,1714947485
23,port-aux-francais,-49.35,70.2167,5.39,78,82,10.33,TF,1714947485
24,edinburgh of the seven seas,-37.0676,-12.3116,13.69,62,35,14.35,SH,1714947485
25,kalmunai,7.4167,81.8167,27.32,87,95,2.43,LK,1714947486
26,boyolangu,-8.1181,111.8935,22.86,92,100,0.9,ID,1714947486
27,sarangpur,23.5667,76.4667,31.06,32,58,5.69,IN,1714947486
28,sisimiut,66.9395,-53.6735,-4.96,79,88,6.38,GL,1714947486
29,port mathurin,-19.6833,63.4167,25.92,66,99,7.24,MU,1714947487
30,pitimbu,-7.4706,-34.8086,27.33,80,59,6.43,BR,1714947487
31,wailua homesteads,22.0669,-159.378,27.24,74,75,8.23,US,1714947487
32,ribeira grande,38.5167,-28.7,18.76,93,100,6.26,PT,1714947487
33,xinyuan,37.3,99.0,1.88,43,100,0.52,CN,1714947487
34,yellowknife,62.456,-114.3525,13.01,60,76,1.79,CA,1714947488
35,kirakira,-10.4544,161.9205,28.64,81,100,1.9,SB,1714947488
36,utrik,11.2278,169.8474,27.29,82,87,7.36,MH,1714947488
37,north battleford,52.7834,-108.2847,16.89,37,99,7.14,CA,1714947488
38,constantia,44.1833,28.65,8.17,67,0,4.74,RO,1714947246
39,djibo,14.1022,-1.6306,34.99,29,47,2.96,BF,1714947489
40,blackmans bay,-43.0167,147.3167,9.29,78,100,1.68,AU,1714947489
41,tsiombe,-25.3,45.4833,18.96,80,2,2.64,MG,1714947489
42,puerto natales,-51.7236,-72.4875,-0.77,82,18,1.82,CL,1714947489
43,ewo,-0.8725,14.8206,27.24,62,4,1.23,CG,1714947489
44,nicoya,10.1483,-85.452,31.58,59,74,3.37,CR,1714947489
45,isafjordur,66.0755,-23.124,1.89,72,53,4.71,IS,1714947490
46,turpan,42.9333,89.1667,25.79,9,0,0.76,CN,1714947490
47,tidjikja,18.5564,-11.4271,32.85,10,0,4.37,MR,1714947490
48,querqueville,49.6625,-1.6912,11.82,93,100,1.54,FR,1714947490
49,buenaventura,3.8801,-77.0312,27.61,82,100,2.2,CO,1714947270
50,eastham,41.8301,-69.9739,9.47,88,100,3.09,US,1714947321
51,adamstown,-25.066,-130.1015,21.52,66,57,8.58,PN,1714947491
52,praia,14.9215,-23.5087,26.3,38,0,6.17,CV,1714947491
53,miquelon,47.0975,-56.3814,5.0,72,69,5.22,PM,1714947491
54,albany,42.6001,-73.9662,11.72,82,100,1.79,US,1714947491
55,cabo san lucas,22.8909,-109.9124,31.45,30,40,4.63,MX,1714947185
56,jawf al maqbabah,13.8378,45.8349,24.69,63,81,1.21,YE,1714947492
57,dibba al-fujairah,25.5923,56.26,24.0,40,0,4.02,AE,1714947492
58,mount gambier,-37.8333,140.7667,10.12,89,2,2.99,AU,1714947492
59,bethel,41.3712,-73.414,10.47,88,100,2.06,US,1714947391
60,san patricio,28.017,-97.5169,27.05,62,36,7.59,US,1714947493
61,santo antonio do amparo,-20.9464,-44.9189,18.9,74,0,2.87,BR,1714947493
62,nemuro,43.3236,145.575,6.66,95,100,2.41,JP,1714947493
63,weno,7.4515,151.8468,28.97,89,75,1.54,FM,1714947493
64,happy valley-goose bay,53.3168,-60.3315,14.39,64,100,4.16,CA,1714947493
65,avarua,-21.2078,-159.775,28.03,83,75,6.69,CK,1714947494
66,badger,64.8,-147.5333,14.95,38,20,4.63,US,1714947494
67,bubaque,11.2833,-15.8333,26.16,74,29,8.41,GW,1714947494
68,nalundan,9.75,123.0667,24.79,78,26,1.87,PH,1714947494
69,enewetak,11.3474,162.3373,27.85,74,99,6.56,MH,1714947494
70,port lincoln,-34.7333,135.8667,14.01,87,0,4.21,AU,1714947495
71,dhidhdhoo,6.8833,73.1,29.42,78,38,5.36,MV,1714947495
72,bilibino,68.0546,166.4372,-3.17,64,7,0.43,RU,1714947495
73,buchanan,5.8808,-10.0467,27.62,85,68,2.96,LR,1714947495
74,ciudad satelite,19.5167,-99.25,28.28,23,89,4.89,MX,1714947496
75,bamboo flat,11.7,92.7167,28.48,75,73,2.2,IN,1714947496
76,lebu,-37.6167,-73.65,10.23,71,62,4.84,CL,1714947496
77,malangali,-8.5667,34.85,16.0,95,74,3.42,TZ,1714947496
78,colon,9.3592,-79.9014,27.17,67,64,2.24,PA,1714947496
79,rio claro,-22.4114,-47.5614,21.86,49,82,1.67,BR,1714947497
80,ust-nera,64.5667,143.2,1.39,81,100,1.42,RU,1714947497
81,longyearbyen,78.2186,15.6401,-3.09,63,75,3.09,SJ,1714947497
82,mata-utu,-13.2816,-176.1745,29.22,77,96,5.02,WF,1714947497
83,dudinka,69.4058,86.1778,-12.96,88,52,4.47,RU,1714947497
84,soalkuchi,26.1681,91.5711,20.69,85,81,3.34,IN,1714947498
85,nykarleby,63.5228,22.5307,1.12,67,4,3.26,FI,1714947498
86,klyuchi,52.2667,79.1667,6.64,69,100,4.57,RU,1714947498
87,kristiansund,63.1115,7.732,9.03,76,20,1.54,NO,1714947498
88,margaret river,-33.95,115.0667,15.5,82,66,3.8,AU,1714947498
89,puerto ayora,-0.7393,-90.3518,27.98,93,80,2.24,EC,1714947499
90,mandalgovi,45.7625,106.2708,10.1,45,3,2.95,MN,1714947499
91,revelstoke,50.9832,-118.2023,20.4,41,98,1.23,CA,1714947499
92,atafu village,-8.5421,-172.5159,29.22,75,58,4.3,TK,1714947499
93,rongelap,11.1635,166.8941,27.49,79,82,7.95,MH,1714947499
94,tiksi,71.6872,128.8694,-5.46,91,99,1.4,RU,1714947500
95,petoskey,45.3733,-84.9553,18.17,68,0,3.13,US,1714947500
96,cill airne,52.05,-9.5167,8.17,96,91,1.66,IE,1714947500
97,kimbe,-5.5502,150.1429,25.97,92,100,1.32,PG,1714947500
98,bredasdorp,-34.5322,20.0403,13.62,65,85,1.74,ZA,1714947500
99,vorgashor,67.5833,63.95,-19.0,100,100,1.44,RU,1714947501
100,ust-tsilma,65.441,52.1498,-12.44,97,44,0.45,RU,1714947501
101,batie,9.8833,-2.9167,28.91,60,84,2.69,BF,1714947501
102,letterkenny,54.95,-7.7333,10.96,94,95,1.04,IE,1714947501
103,muana,-1.5283,-49.2167,25.48,94,99,2.02,BR,1714947501
104,vorkuta,67.5,64.0,-18.83,100,100,1.79,RU,1714947502
105,biltine,14.5333,20.9167,31.8,11,0,3.55,TD,1714947502
106,carutapera,-1.195,-46.02,25.7,90,100,3.97,BR,1714947502
107,kirensk,57.7853,108.1119,7.2,93,95,1.34,RU,1714947502
108,la ronge,55.1001,-105.2842,9.86,47,98,3.22,CA,1714947502
109,shihezi,44.3,86.0333,22.51,21,81,4.39,CN,1714947502
110,invercargill,-46.4,168.35,7.23,78,99,4.92,NZ,1714947503
111,bodo,67.28,14.405,6.08,65,0,7.72,NO,1714947503
112,saint-philippe,-21.3585,55.7679,20.77,73,62,4.17,RE,1714947503
113,ostersund,63.1792,14.6357,4.25,60,100,6.17,SE,1714947503
114,karoi,-16.8099,29.6925,15.91,69,0,1.76,ZW,1714947503
115,sumbawa besar,-8.5,117.4333,21.2,93,13,2.24,ID,1714947504
116,flying fish cove,-10.4217,105.6791,25.82,83,40,5.66,CX,1714947504
117,pattani,6.75,100.4167,27.5,95,100,0.55,TH,1714947504
118,fortuna,40.5982,-124.1573,14.96,68,100,5.66,US,1714947031
119,kazanskoye,55.6448,69.235,0.04,69,6,3.33,RU,1714947504
120,chebba,35.2372,11.115,18.98,67,39,6.21,TN,1714947505
121,formosa do rio preto,-11.0483,-45.1931,25.31,46,0,1.45,BR,1714947505
122,amble,55.3333,-1.5833,12.42,94,100,2.06,GB,1714947505
123,tura,25.5198,90.2201,18.88,94,21,1.56,IN,1714947505
124,saint-pierre,-21.3393,55.4781,20.82,64,0,3.09,RE,1714947505
125,labytnangi,66.6572,66.4183,-14.79,91,50,2.71,RU,1714947505
126,west island,-12.1568,96.8225,27.99,74,75,6.69,CC,1714947506
127,luwingu,-10.2621,29.9271,16.56,93,64,1.9,ZM,1714947506
128,fale old settlement,-9.3852,-171.2468,29.35,76,66,3.78,TK,1714947506
129,tarauaca,-8.1614,-70.7656,25.67,95,90,0.93,BR,1714947506
130,fisterra,42.9049,-9.2629,11.53,76,5,3.32,ES,1714947507
131,yanam,16.7333,82.2167,26.55,99,31,1.3,IN,1714947507
132,kodiak,57.79,-152.4072,6.73,76,75,4.63,US,1714947507
133,barbezieux-saint-hilaire,45.4726,-0.1522,14.15,96,100,3.33,FR,1714947507
134,vikhorevka,56.1201,101.1636,11.77,73,99,2.2,RU,1714947507
135,dawesville,30.9224,-84.0091,31.31,52,40,2.24,US,1714947508
136,la passe,45.5549,-0.8967,14.13,81,100,4.68,FR,1714947508
137,aykhal,66.0,111.5,-7.1,94,55,2.72,RU,1714947508
138,ribadeo,43.5325,-7.0991,6.67,98,11,1.78,ES,1714947508
139,cabedelo,-6.9811,-34.8339,27.37,83,78,7.6,BR,1714947508
140,la chamba,45.7556,3.7573,9.66,98,100,2.13,FR,1714947509
141,kingston,17.997,-76.7936,27.87,71,1,1.76,JM,1714947509
142,sinabang,2.4803,96.3801,26.88,87,91,0.45,ID,1714947509
143,college,64.8569,-147.8028,14.99,41,75,4.63,US,1714947509
144,aasiaat,68.7098,-52.8699,-9.23,85,62,2.72,GL,1714947510
145,bani walid,31.7566,13.9942,18.33,43,2,3.13,LY,1714947510
146,susuman,62.7833,148.1667,-2.79,86,94,0.89,RU,1714947510
147,inyonga,-6.7167,32.0667,16.45,97,100,1.76,TZ,1714947510
148,yingkou,40.6648,122.2283,14.06,77,100,7.81,CN,1714947510
149,vilyuchinsk,52.9306,158.4028,5.15,70,59,0.43,RU,1714947511
150,belfast,54.5833,-5.9333,11.9,95,100,0.51,GB,1714947511
151,sao paulo de olivenca,-3.3783,-68.8725,26.16,95,100,1.1,BR,1714947511
152,salekhard,66.53,66.6019,-14.78,91,57,2.68,RU,1714947511
153,puerto baquerizo moreno,-0.9,-89.6,28.55,70,20,4.12,EC,1714947511
154,acajutla,13.5928,-89.8275,30.67,65,65,3.26,SV,1714947459
155,tommot,58.9564,126.2925,2.38,88,61,0.75,RU,1714947512
156,heroica guaymas,27.9333,-110.9,27.65,32,0,6.17,MX,1714947255
157,georgetown,5.4112,100.3354,27.96,89,20,1.03,MY,1714947512
158,cozumel,20.5083,-86.9458,31.04,70,40,3.09,MX,1714947474
159,ola,59.5833,151.2833,0.08,83,23,1.42,RU,1714947512
160,lagoa,39.05,-27.9833,17.2,89,100,9.44,PT,1714947512
161,ilulissat,69.2167,-51.1,-5.99,86,100,3.09,GL,1714947513
162,graaff-reinet,-32.2522,24.5308,20.79,29,5,4.25,ZA,1714947513
163,twon-brass,4.3151,6.2418,29.09,77,57,3.58,NG,1714947513
164,thompson,55.7435,-97.8558,5.24,84,100,1.79,CA,1714947513
165,vysokovsk,56.3167,36.55,-0.36,91,10,2.14,RU,1714947514
166,mili,6.0815,171.735,28.28,81,78,8.37,MH,1714947514
167,karwar,14.8,74.1333,27.61,82,46,2.6,IN,1714947514
168,amga,60.8953,131.9608,5.59,73,7,1.8,RU,1714947514
169,kununurra,-15.7667,128.7333,23.99,50,21,3.6,AU,1714947514
170,nianzishan,47.5167,122.8833,9.28,43,100,3.75,CN,1714947515
171,pisco,-13.7,-76.2167,20.03,83,20,2.57,PE,1714947403
172,eagle pass,28.7091,-100.4995,28.47,71,75,4.27,US,1714947270
173,hirara,24.8,125.2833,26.74,86,76,5.95,JP,1714947515
174,kiunga,-6.1219,141.2906,23.6,100,100,0.32,PG,1714947515
175,illizi,26.4833,8.4667,27.89,46,99,9.82,DZ,1714947515
176,kudahuvadhoo,2.6708,72.8944,29.45,75,100,5.67,MV,1714947516
177,salacgriva,57.7536,24.3581,8.24,65,98,5.12,LV,1714947516
178,kulhudhuffushi,6.6221,73.07,29.57,77,48,5.37,MV,1714947516
179,olonkinbyen,70.9221,-8.7187,0.84,93,100,11.62,SJ,1714947516
180,portage la prairie,49.9728,-98.2926,18.39,32,57,4.61,CA,1714947516
181,san luis de la loma,17.2706,-100.8939,30.04,55,63,3.08,MX,1714947517
182,bende,5.5572,7.6368,25.38,91,100,1.78,NG,1714947517
183,hawaiian paradise park,19.5933,-154.9731,24.85,81,75,5.14,US,1714947517
184,east london,-33.0153,27.9116,19.33,63,5,2.53,ZA,1714947517
185,esteli,13.0919,-86.3538,31.63,38,29,2.75,NI,1714947517
186,nuuk,64.1835,-51.7216,-2.66,59,3,6.17,GL,1714947518
187,endasak,-4.4167,35.5167,16.84,98,100,1.27,TZ,1714947518
188,sasolburg,-26.8136,27.817,14.32,34,1,1.1,ZA,1714947518
189,uturoa,-16.7333,-151.4333,28.15,76,60,8.64,PF,1714947518
190,port shepstone,-30.7414,30.455,20.62,86,1,3.47,ZA,1714947518
191,touros,-5.1989,-35.4608,26.61,84,14,5.84,BR,1714947519
192,haiku-pauwela,20.9219,-156.3051,26.01,68,40,9.26,US,1714947519
193,shalkar,47.8288,59.6258,11.5,35,100,6.5,KZ,1714947519
194,qaqortoq,60.7167,-46.0333,0.28,66,0,0.64,GL,1714947519
195,borzya,50.3833,116.5167,11.02,37,100,1.67,RU,1714947519
196,st. john's,47.5649,-52.7093,4.53,82,30,0.89,CA,1714947520
197,vila franca do campo,37.7167,-25.4333,18.27,99,100,1.64,PT,1714947520
198,zabaykal'sk,49.6333,117.3167,9.61,39,99,1.69,RU,1714947520
199,podporozh'ye,60.9112,34.1706,-3.09,85,23,1.73,RU,1714947520
200,yorkton,51.2167,-102.4677,15.69,38,98,5.77,CA,1714947301
201,keflavik,64.0049,-22.5624,4.95,87,75,9.77,IS,1714947520
202,batabano,22.7164,-82.2881,30.96,60,12,2.17,CU,1714947521
203,hamilton,39.1834,-84.5333,26.35,60,0,4.47,US,1714947521
204,mogocha,53.7333,119.7667,8.1,44,100,0.5,RU,1714947521
205,pangai,-19.8,-174.35,26.75,85,99,4.55,TO,1714947521
206,anadyr,64.75,177.4833,-4.72,68,20,2.0,RU,1714947522
207,novoishimskiy,53.1981,66.7694,2.6,60,6,3.15,KZ,1714947522
208,miranda,3.2499,-76.2281,26.07,86,99,0.84,CO,1714947522
209,launceston,-41.45,147.1667,8.8,71,100,4.12,AU,1714947374
210,yeppoon,-23.1333,150.7333,20.14,83,89,4.64,AU,1714947522
211,ta`u,-14.2336,-169.5144,28.56,78,96,4.81,AS,1714947523
212,chonchi,-42.6128,-73.8092,5.62,94,98,2.01,CL,1714947523
213,vimmerby,57.6659,15.8552,8.16,87,99,2.42,SE,1714947523
214,nova sintra,14.8667,-24.7167,23.94,79,0,2.88,CV,1714947523
215,alappuzha,9.49,76.3264,28.94,78,100,3.19,IN,1714947523
216,rochester,43.1548,-77.6156,19.75,80,100,3.09,US,1714947226
217,waingapu,-9.6567,120.2641,24.36,84,30,2.55,ID,1714947524
218,takum,7.2667,9.9833,23.63,93,100,1.68,NG,1714947524
219,sao joao da barra,-21.6403,-41.0511,25.13,86,0,5.29,BR,1714947524
220,watampone,-4.5386,120.3279,23.08,97,100,1.06,ID,1714947524
221,lodwar,3.1191,35.5973,27.65,65,35,1.73,KE,1714947524
222,san ildefonso,15.0809,120.941,29.43,83,84,1.97,PH,1714947525
223,pokhara,28.2333,83.9833,21.15,26,4,2.79,NP,1714947303
224,hasaki,35.7333,140.8333,20.16,73,95,10.05,JP,1714947525
225,thal,35.4791,72.2439,6.48,70,12,3.29,PK,1714947525
226,murghob,38.1702,73.9667,-2.87,75,45,3.24,TJ,1714947525
227,lihue,21.9789,-159.3672,27.58,68,75,8.23,US,1714947526
228,sona,45.4388,10.8255,16.51,74,0,1.03,IT,1714947526
229,boguchany,58.3814,97.4531,11.03,76,100,4.02,RU,1714947526
230,lompoc,34.6391,-120.4579,21.12,62,0,10.29,US,1714947526
231,sungai penuh,-2.0833,101.3833,19.04,95,58,1.55,ID,1714947526
232,hadibu,12.65,54.0333,29.47,79,17,1.05,YE,1714947527
233,san julian,21.0167,-102.1667,32.9,10,96,6.64,MX,1714947527
234,meridian,43.6121,-116.3915,13.46,51,40,2.06,US,1714947298
235,el bolson,-41.9667,-71.5167,2.63,98,100,2.29,AR,1714947527
236,vilyuysk,63.7553,121.6247,2.78,85,100,4.47,RU,1714947527
237,iskateley,67.6803,53.1512,-7.21,88,90,1.79,RU,1714947528
238,remire-montjoly,4.9167,-52.2667,28.02,94,100,2.57,GF,1714947528
239,altamira,-3.2033,-52.2064,25.09,94,100,1.03,BR,1714947528
240,kalispell,48.1958,-114.3129,16.62,62,75,3.58,US,1714947411
241,laguna,38.421,-121.4238,19.6,39,20,3.6,US,1714947528
242,kapuskasing,49.4169,-82.4331,10.6,58,99,4.54,CA,1714947528
243,port augusta,-32.5,137.7667,12.53,64,0,2.45,AU,1714947529
244,chernigovka,44.3389,132.5728,11.59,94,100,5.98,RU,1714947529
245,pineville,31.3224,-92.4343,27.96,73,20,5.66,US,1714947529
246,novodvinsk,64.4165,40.8122,-2.34,86,18,1.66,RU,1714947529
247,revda,56.801,59.9303,-4.64,91,34,2.08,RU,1714947529
248,tralee,52.2704,-9.7026,8.53,96,33,1.68,IE,1714947530
249,errachidia,31.9275,-4.4285,27.03,12,0,4.63,MA,1714947530
250,corinto,37.9407,22.9573,14.02,56,0,0.4,GR,1714947530
251,udachny,66.4167,112.4,-4.2,88,80,1.96,RU,1714947530
252,nema,57.5067,50.5011,3.43,95,100,4.98,RU,1714947531
253,changping,40.2186,116.2197,13.8,53,100,2.05,CN,1714947531
254,punta arenas,-53.15,-70.9167,0.06,74,0,3.6,CL,1714947383
255,callao,-12.0667,-77.15,18.16,88,100,4.63,PE,1714947531
256,ichihara,35.5167,140.0833,22.27,75,93,8.76,JP,1714947532
257,atar,20.5169,-13.0499,32.09,5,19,2.54,MR,1714947532
258,vernon,50.2581,-119.2691,21.53,39,100,2.68,CA,1714947305
259,balikpapan,-1.2675,116.8289,25.55,90,100,2.48,ID,1714947532
260,gadzhiyevo,69.2551,33.3362,-1.24,89,100,9.36,RU,1714947532
261,tolanaro,-25.0319,46.9987,20.22,83,11,5.87,MG,1714947533
262,thinadhoo,0.5333,72.9333,29.57,78,100,7.43,MV,1714947533
263,awgu,6.0742,7.4786,26.01,89,89,1.25,NG,1714947533
264,lerwick,60.1545,-1.1494,9.0,96,100,2.34,GB,1714947533
265,yuzhno-kurilsk,44.0306,145.8556,6.88,80,100,1.53,RU,1714947533
266,nyurba,63.2842,118.3319,-2.31,99,87,0.94,RU,1714947534
267,new norfolk,-42.7826,147.0587,9.95,88,100,1.0,AU,1714947534
268,manicore,-5.8092,-61.3003,26.02,95,100,1.28,BR,1714947534
269,al qunaytirah,33.1259,35.8246,8.76,96,18,1.86,SY,1714947534
270,seryshevo,51.0933,128.3786,9.03,57,0,2.91,RU,1714947534
271,fada n'gourma,12.0622,0.3578,36.77,29,99,5.3,BF,1714947535
272,tindouf,27.6711,-8.1474,27.25,8,53,4.71,DZ,1714947535
273,pangody,65.85,74.4859,-5.34,96,100,5.41,RU,1714947535
274,sinop,41.7711,34.8709,2.08,90,6,1.52,TR,1714947535
275,joao pinheiro,-17.7425,-46.1725,21.89,59,1,1.43,BR,1714947535
276,conchas,-23.0153,-48.0106,24.06,36,51,1.72,BR,1714947536
277,saipan,15.1355,145.701,29.39,70,40,6.17,MP,1714947536
278,nar'yan-mar,67.6713,53.087,-7.16,88,91,1.79,RU,1714947536
279,geraldton,-28.7667,114.6,10.23,87,0,4.12,AU,1714947536
280,batangafo,7.3008,18.2833,27.87,30,92,1.39,CF,1714947536
281,swakopmund,-22.6833,14.5333,15.55,84,3,0.89,NA,1714947537
282,pyay,18.8167,95.2167,27.6,72,15,1.32,MM,1714947537
283,nogliki,51.8333,143.1667,1.3,75,80,5.36,RU,1714947537
284,sibolga,1.7427,98.7792,25.34,90,20,1.48,ID,1714947537
285,talnakh,69.4865,88.3972,-13.22,79,19,1.72,RU,1714947537
286,belyy yar,53.6039,91.3903,10.94,76,0,2.0,RU,1714947538
287,salaqi,40.5414,110.5108,12.97,66,99,1.79,CN,1714947538
288,porbandar,21.6422,69.6093,27.0,83,0,3.76,IN,1714947538
289,bu'aale,1.0833,42.5833,24.47,96,99,2.06,SO,1714947538
290,coquimbo,-29.9533,-71.3436,15.21,73,0,2.25,CL,1714947538
291,posse,-14.0931,-46.3694,25.03,48,30,2.78,BR,1714947539
292,buala,-8.145,159.5921,28.77,79,53,1.52,SB,1714947539
293,kerikeri,-35.2268,173.9474,16.62,94,100,1.4,NZ,1714947539
294,turgen,43.4006,77.5933,14.07,80,100,1.57,KZ,1714947539
295,mabaruma,8.2,-59.7833,27.14,77,99,2.33,GY,1714947539
296,yamada,39.4667,141.95,16.68,64,100,0.42,JP,1714947540
297,island harbour,50.724,-1.2758,11.79,76,13,1.25,GB,1714947540
298,praia da vitoria,38.7333,-27.0667,16.84,92,100,4.52,PT,1714947540
299,wladyslawowo,54.7909,18.4009,15.0,90,100,3.91,PL,1714947540
300,guarapari,-20.6667,-40.4975,23.99,90,1,2.91,BR,1714947540
301,ostrovskoye,57.8057,42.2433,0.29,93,71,4.42,RU,1714947541
302,dunedin,-45.8742,170.5036,7.67,86,99,5.36,NZ,1714947541
303,loreto,22.2667,-101.9667,32.8,8,31,6.16,MX,1714947541
304,balasore,21.4942,86.9317,26.51,92,12,4.28,IN,1714947541
305,abilene,32.4487,-99.7331,26.21,63,100,4.63,US,1714947542
306,carnarvon,-24.8667,113.6333,20.26,52,0,8.29,AU,1714947542
307,akureyri,65.6835,-18.0878,6.96,57,40,6.17,IS,1714947542
308,itoman,26.1247,127.6694,26.21,94,40,6.17,JP,1714947542
309,sultanah,24.4926,39.5857,29.25,13,0,4.12,SA,1714947543
310,nguigmi,14.2495,13.1092,31.33,23,24,2.89,NE,1714947543
311,vrontados,38.4089,26.1328,14.63,54,0,6.44,GR,1714947543
312,kashgar,39.4547,75.9797,21.26,31,100,3.99,CN,1714947543
313,hermanus,-34.4187,19.2345,12.67,65,20,5.16,ZA,1714947543
314,sola,-13.8833,167.55,27.89,79,100,10.52,VU,1714947544
315,glubokoye,50.1456,82.3114,11.36,86,100,4.99,KZ,1714947544
316,saint-gilles-croix-de-vie,46.6833,-1.9333,8.55,86,27,6.73,FR,1714947544
317,usinsk,65.9939,57.5281,-8.85,90,56,3.13,RU,1714947544
318,bogdanci,41.2031,22.5756,9.45,88,0,1.0,MK,1714947545
319,visakhapatnam,17.69,83.2093,28.35,90,6,4.99,IN,1714947545
320,san antonio de pale,-1.4014,5.6325,28.07,85,8,4.36,GQ,1714947545
321,afaahiti,-17.75,-149.2833,29.93,82,22,8.78,PF,1714947545
322,ciudad del este,-25.5167,-54.6167,27.41,69,0,3.6,PY,1714947545
323,akjoujt,19.6969,-14.4164,31.92,7,0,4.65,MR,1714947545
324,zabol,32.25,67.25,14.32,51,0,3.11,AF,1714947546
325,ceeldheer,3.8488,47.1806,26.34,82,100,4.95,SO,1714947546
326,sorong,-0.8833,131.25,26.26,85,100,2.02,ID,1714947546
327,san clemente del tuyu,-36.3569,-56.7235,17.21,93,100,1.8,AR,1714947546
328,medicine hat,50.0501,-110.6683,19.56,33,100,4.47,CA,1714947378
329,quellon,-43.1167,-73.6167,6.28,88,100,4.37,CL,1714947547
330,calingasta,-31.3308,-69.4078,19.59,8,2,4.51,AR,1714947547
331,dampit,-8.2116,112.7493,21.5,86,92,2.25,ID,1714947547
332,alice springs,-23.7,133.8833,3.75,93,9,2.06,AU,1714947547
333,petropavlovsk-kamchatsky,53.0452,158.6483,4.33,78,40,3.58,RU,1714947547
334,namibe,-15.1961,12.1522,22.95,75,1,2.0,AO,1714947548
335,hundested,55.9667,11.8667,11.11,88,85,4.32,DK,1714947548
336,acarau,-2.8856,-40.12,26.27,89,100,4.22,BR,1714947548
337,karratha,-20.7377,116.8463,22.65,42,0,4.37,AU,1714947548
338,kone,-21.0595,164.8658,24.66,58,39,1.45,NC,1714947548
339,palmer,42.1584,-72.3287,9.76,82,100,3.09,US,1714947549
340,manakara,-22.1333,48.0167,22.18,69,100,1.0,MG,1714947549
341,troitskoye,52.9821,84.6757,9.8,94,100,4.77,RU,1714947549
342,le puy-en-velay,45.0437,3.8852,10.49,96,100,2.26,FR,1714947549
343,bardai,11.65,7.2333,30.49,23,0,3.19,NG,1714947549
344,fort bragg,35.139,-79.006,25.51,85,100,0.89,US,1714947550
345,mandiana,10.6333,-8.6833,32.17,24,36,1.99,GN,1714947550
346,tangalle,6.024,80.7911,26.63,90,57,2.95,LK,1714947550
347,sioux city,42.5,-96.4003,19.25,40,0,8.23,US,1714947550
348,ouesso,1.6136,16.0517,25.64,68,42,1.12,CG,1714947550
349,poshekhon'ye,58.4993,39.1353,2.9,86,52,3.51,RU,1714947551
350,otuzco,-7.9,-78.5833,13.67,81,82,1.87,PE,1714947551
351,ciudad lazaro cardenas,17.9583,-102.2,28.32,59,92,4.3,MX,1714947551
352,hechuan,29.9947,106.2572,19.79,79,91,0.86,CN,1714947551
353,crane,31.3974,-102.3501,27.05,51,95,5.92,US,1714947551
354,mejit,10.2753,170.8646,27.88,75,100,8.07,MH,1714947552
355,oyama,36.3,139.8,21.49,52,99,5.4,JP,1714947552
356,an nuhud,12.7,28.4333,28.01,13,59,4.06,SD,1714947552
357,polyarnyy,69.1989,33.4478,-1.4,90,100,9.29,RU,1714947552
358,nova olinda do norte,-3.8881,-59.0942,25.48,95,99,1.69,BR,1714947552
359,bushehr,28.9684,50.8385,27.1,56,0,1.76,IR,1714947553
360,astrakhan,46.3497,48.0408,8.93,61,0,2.0,RU,1714947553
361,bhimunipatnam,17.8833,83.4333,28.0,88,3,6.17,IN,1714947553
362,centurion,-25.8589,28.1858,16.13,26,2,0.89,ZA,1714947553
363,grand falls-windsor,48.9332,-55.6649,12.01,47,81,1.52,CA,1714947553
364,ghanzi,-21.5667,21.7833,17.14,41,0,1.95,BW,1714947554
365,beyneu,45.3167,55.2,15.58,40,100,7.88,KZ,1714947554
366,mitsamiouli,-11.3847,43.2844,27.22,80,71,3.55,KM,1714947554
367,bourbon-lancy,46.6221,3.7695,13.83,98,100,2.55,FR,1714947554
368,molina,-35.1167,-71.2833,12.85,67,75,3.6,CL,1714947554
369,balangir,20.7167,83.4833,28.28,57,38,3.07,IN,1714947555
370,palotina,-24.2839,-53.84,27.17,39,0,3.14,BR,1714947555
371,gassol,8.5333,10.4667,27.9,66,95,3.05,NG,1714947555
372,zag,46.9441,99.165,7.15,40,5,1.13,MN,1714947555
373,grand baie,-20.0182,57.5802,25.26,86,3,0.89,MU,1714947556
374,lospalos,-8.5186,127.0025,21.49,97,100,1.54,TL,1714947556
375,gunjur,13.2019,-16.7339,24.04,83,0,3.6,GM,1714947556
376,tadine,-21.55,167.8833,23.63,60,14,5.48,NC,1714947556
377,afua,-0.1567,-50.3867,25.58,94,98,2.3,BR,1714947557
378,santo domingo de los colorados,-0.25,-79.15,25.13,85,100,0.9,EC,1714947334
379,ellrich,51.5866,10.6633,9.49,92,92,0.96,DE,1714947557
380,naze,28.3667,129.4833,22.34,93,83,6.64,JP,1714947557
381,clear lake,43.138,-93.3794,19.42,45,0,4.12,US,1714947557
382,gudlavalleru,16.3476,81.0534,30.53,83,9,3.7,IN,1714947558
383,selfoss,63.9331,-20.9971,2.8,61,11,6.01,IS,1714947558
384,bengkulu,-3.8004,102.2655,24.18,91,4,1.74,ID,1714947558
385,mayma,52.0197,85.9114,12.29,81,100,3.13,RU,1714947558
386,mina clavero,-31.721,-65.0062,14.99,89,28,0.27,AR,1714947558
387,grande prairie,55.1667,-118.8027,16.57,34,52,3.02,CA,1714947559
388,shimoda,34.6667,138.95,18.39,78,100,3.8,JP,1714947289
389,noumea,-22.2763,166.4572,24.44,99,9,4.06,NC,1714947141
390,sao raimundo nonato,-9.0153,-42.6994,27.12,46,98,1.79,BR,1714947559
391,sumenep,-7.0167,113.8667,25.14,77,82,2.48,ID,1714947559
392,anzhero-sudzhensk,56.081,86.0285,7.69,87,100,2.76,RU,1714947560
393,suwayr,30.1171,40.3893,21.52,25,4,1.0,SA,1714947560
394,san pedro pochutla,15.7333,-96.4667,33.84,41,5,3.62,MX,1714947383
395,bandon,51.7469,-8.7425,11.77,91,96,2.21,IE,1714947560
396,joal-fadiout,14.1667,-16.8333,24.11,64,0,6.15,SN,1714947561
397,maxixe,-23.8597,35.3472,20.37,81,0,1.65,MZ,1714947561
398,nelson,-41.2833,173.2833,13.11,62,0,2.92,NZ,1714947561
399,port blair,11.6667,92.75,28.98,75,68,2.27,IN,1714947561
400,corner brook,48.9667,-57.9484,8.75,60,86,1.75,CA,1714947561
401,veraval,20.9,70.3667,27.01,83,26,5.5,IN,1714947561
402,sainte-adresse,49.5089,0.0845,13.59,100,75,2.06,FR,1714947562
403,general villegas,-35.0328,-63.0125,16.39,90,100,2.33,AR,1714947562
404,ghadamis,30.1337,9.5007,25.88,14,2,5.42,LY,1714947562
405,ilek,51.5271,53.3831,6.45,46,4,6.74,RU,1714947562
406,okhotsk,59.3833,143.3,1.94,84,72,0.97,RU,1714947562
407,lindesberg,59.592,15.2304,7.84,90,99,4.72,SE,1714947563
408,mukalla,14.5425,49.1242,28.81,78,3,2.71,YE,1714947563
409,morehead city,34.7229,-76.726,24.47,80,0,3.6,US,1714947563
410,murphysboro,37.7645,-89.3351,23.24,68,20,1.54,US,1714947563
411,jwaneng,-24.6004,24.7303,16.52,33,0,2.99,BW,1714947563
412,kalabo,-14.97,22.6814,19.22,48,20,1.65,ZM,1714947564
413,fergana,40.3842,71.7843,18.09,77,40,2.06,UZ,1714947564
414,englewood,39.6478,-104.9878,25.59,26,75,13.89,US,1714947448
415,ribeira brava,32.65,-17.0667,21.67,85,96,0.81,PT,1714947564
416,glennville,31.9366,-81.9285,31.73,73,39,2.51,US,1714947565
417,puerto armuelles,8.2833,-82.8667,30.99,72,96,0.45,PA,1714947565
418,punta del este,-34.9667,-54.95,18.31,94,100,2.24,UY,1714947565
419,rampur,28.8167,79.0333,29.47,18,0,3.4,IN,1714947565
420,arraial do cabo,-22.9661,-42.0278,24.66,88,1,10.22,BR,1714947565
421,la ferte-mace,48.59,-0.358,8.45,100,100,2.7,FR,1714947566
422,glace bay,46.1969,-59.957,10.99,72,29,3.13,CA,1714947566
423,tofol,5.3248,163.0078,30.88,70,75,3.09,FM,1714947566
424,arawa,-6.2132,155.5367,28.67,79,79,0.13,PG,1714947566
425,villa ocampo,-28.4875,-59.3551,21.35,93,92,3.15,AR,1714947566
426,beau vallon,-20.4189,57.6953,25.13,65,40,5.14,MU,1714947567
427,kudymkar,59.0173,54.656,0.4,64,100,3.9,RU,1714947567
428,mugia,43.1041,-9.2179,11.62,77,11,2.4,ES,1714947567
429,kavala,40.9397,24.4019,16.58,66,24,1.26,GR,1714947567
430,urucara,-2.5364,-57.76,25.34,97,100,1.61,BR,1714947567
431,grand gaube,-20.0064,57.6608,25.22,86,5,0.89,MU,1714947568
432,marsh harbour,26.5412,-77.0636,24.67,67,98,5.38,BS,1714947568
433,priozersk,61.0393,30.1291,2.27,87,69,2.44,RU,1714947568
434,saudarkrokur,65.7461,-19.6394,5.36,75,100,3.85,IS,1714947568
435,katsuren-haebaru,26.3369,127.8719,26.21,90,40,5.66,JP,1714947568
436,kassala,15.451,36.4,30.25,16,0,3.77,SD,1714947569
437,yaren,-0.5472,166.916,28.77,73,83,3.02,NR,1714947569
438,hola,51.5377,23.1902,17.1,86,95,2.57,PL,1714947569
439,dahab,28.501,34.5134,24.52,33,0,5.69,EG,1714947569
440,medemblik,52.7687,5.1062,12.23,86,63,0.45,NL,1714947569
441,nizhneudinsk,54.9076,99.0276,10.67,75,100,2.97,RU,1714947570
442,newman,37.3138,-121.0208,18.36,52,24,2.68,US,1714947570
443,shohimardon,39.9839,71.8028,12.43,68,49,1.87,UZ,1714947570
444,queenstown,-31.8976,26.8753,15.11,37,1,3.14,ZA,1714947570
445,kukmor,56.1855,50.8944,5.31,97,100,8.16,RU,1714947570
446,muynoq,43.7683,59.0214,16.01,53,12,5.03,UZ,1714947571
447,pariaman,-0.619,100.12,26.03,85,8,1.26,ID,1714947571
448,kabare,-2.4683,28.8242,15.62,96,16,0.28,CD,1714947571
449,dali,25.7,100.1833,12.66,78,87,2.06,CN,1714947571
450,moree,-29.4667,149.85,14.96,78,0,3.47,AU,1714947571
451,lamarque,-39.423,-65.7021,10.71,39,3,1.31,AR,1714947572
452,kayangel,8.0823,134.7173,28.13,69,100,5.71,PW,1714947572
453,belmonte,-15.8631,-38.8828,25.88,79,6,3.57,BR,1714947572
454,zainsk,55.3195,52.0694,5.72,92,100,11.65,RU,1714947572
455,nagqu,31.5,92.0,-0.59,79,100,0.63,CN,1714947572
456,kharp,66.8014,65.8081,-15.16,91,39,3.87,RU,1714947572
457,malabar,-33.9667,151.25,20.63,68,40,10.29,AU,1714947573
458,filadelfia,39.9523,-75.1638,16.83,95,100,3.6,US,1714947571
459,barcelos,41.5388,-8.6151,13.8,92,42,1.91,PT,1714947573
460,roma,43.2128,-75.4557,14.27,95,100,4.12,US,1714947555
461,uvalde,29.3669,-99.767,26.18,80,75,5.66,US,1714947573
462,westport,41.1415,-73.3579,11.29,91,100,4.63,US,1714947574
463,grants,35.1473,-107.8514,23.13,9,40,7.72,US,1714947574
464,chilaw,7.5758,79.7953,29.96,79,60,6.24,LK,1714947574
465,gowurdak,37.8124,66.0466,21.98,53,3,2.4,TM,1714947574
466,cambridge,43.3601,-80.3127,16.96,82,99,4.56,CA,1714947548
467,rasskazovo,52.6714,41.9033,6.42,93,11,3.25,RU,1714947574
468,decorah,43.3033,-91.7857,18.51,39,0,2.06,US,1714947308
469,ixtapa,20.7,-105.2,27.9,65,75,5.66,MX,1714947575
470,zalingei,12.9096,23.4741,27.84,10,0,3.35,SD,1714947575
471,daru,-9.0763,143.2092,26.65,88,100,7.2,PG,1714947575
472,newport,51.5877,-2.9984,12.05,90,23,2.46,GB,1714947576
473,cuyamel,15.6667,-88.2,33.34,70,90,3.4,HN,1714947576
474,northam,51.0333,-4.2167,10.14,95,7,1.95,GB,1714947576
475,vadso,70.0744,29.7487,-1.51,80,75,5.14,NO,1714947576
476,beira,-19.8436,34.8389,20.05,94,0,1.54,MZ,1714947577
477,hilo,19.7297,-155.09,26.27,85,75,5.14,US,1714947577
478,kendari,-3.945,122.4989,23.6,99,100,1.06,ID,1714947577
479,gaoyou,32.7858,119.4278,15.32,93,41,4.4,CN,1714947577
480,lata,40.1629,-8.3327,14.95,99,51,1.43,PT,1714947577
481,acapulco de juarez,16.8634,-99.8901,29.9,70,0,6.17,MX,1714947521
482,tromso,69.6496,18.957,1.01,60,100,3.6,NO,1714947578
483,salinopolis,-0.6136,-47.3561,27.15,87,83,5.2,BR,1714947578
484,greymouth,-42.4667,171.2,11.21,81,49,4.12,NZ,1714947578
485,nangomba,-10.9,38.5,22.11,88,88,0.39,TZ,1714947578
486,nuku'alofa,-21.1333,-175.2,24.89,90,100,6.14,TO,1714947579
487,hinton,53.4001,-117.5857,14.08,42,97,3.42,CA,1714947579
488,manokwari,-0.8667,134.0833,26.5,82,100,1.62,ID,1714947579
489,ceerigaabo,10.6162,47.368,19.97,74,45,0.7,SO,1714947579
490,aljezur,37.3191,-8.8033,16.02,97,88,4.13,PT,1714947579
491,bonga,7.2833,36.2333,16.44,95,48,0.58,ET,1714947580
492,quezon,7.7303,125.0989,23.02,81,41,1.15,PH,1714947580
493,shimanovsk,52.0,127.7,7.97,53,0,2.68,RU,1714947580
494,ampelona,39.75,22.3667,13.04,82,0,0.0,GR,1714947580
495,vanimo,-2.6741,141.3028,27.11,85,85,1.7,PG,1714947580
496,banda aceh,5.5577,95.3222,27.5,81,94,1.57,ID,1714947542
497,sabang,5.8933,95.3214,29.62,73,100,1.57,ID,1714947581
498,namtsy,62.7161,129.6658,4.32,78,45,2.95,RU,1714947581
499,chepo,9.1667,-79.1,32.21,71,90,1.83,PA,1714947581
500,mutsu,41.2894,141.2169,16.23,60,100,1.85,JP,1714947581
501,prince albert,53.2001,-105.7677,15.85,39,83,4.75,CA,1714947582
502,lycksele,64.5954,18.6735,1.93,69,100,2.06,SE,1714947582
503,izluchinsk,60.9794,76.9242,1.12,87,98,9.0,RU,1714947582
504,flin flon,54.7682,-101.865,15.46,34,58,2.16,CA,1714947582
505,fabens,31.5023,-106.1586,32.62,6,0,6.23,US,1714947582
506,manor,19.75,72.9167,28.16,75,0,2.05,IN,1714947583
507,san pablo villa de mitla,16.9167,-96.4,35.13,21,70,6.54,MX,1714947583
508,okahao,-17.885,15.0667,21.79,25,0,3.95,NA,1714947583
509,lagos,6.5833,3.75,27.9,87,9,2.54,NG,1714947491
510,suntar,62.1444,117.6319,-1.63,95,74,0.34,RU,1714947583
511,jianshui,23.6363,102.8264,16.83,92,92,0.88,CN,1714947584
512,pandan,14.0453,124.1694,26.39,83,27,3.09,PH,1714947584
513,howrah,22.5892,88.3103,30.0,84,40,4.12,IN,1714947584
514,qashyr,53.0675,76.1036,3.81,60,25,3.4,KZ,1714947584
515,jasper,37.2001,-94.3502,15.49,92,100,4.63,US,1714947584
516,pimentel,-6.8367,-79.9342,23.16,68,0,9.77,PE,1714947585
517,dili,-8.5586,125.5736,26.46,79,99,1.28,TL,1714947585
518,miandrivazo,-19.5167,45.4667,24.0,73,0,1.23,MG,1714947585
519,bumba,2.1833,22.4667,25.27,61,7,0.12,CD,1714947585
520,sitka,57.0531,-135.33,6.94,76,100,2.06,US,1714947585
521,pontes e lacerda,-15.2261,-59.3353,28.41,58,55,1.76,BR,1714947586
522,jaguaribe,-5.8906,-38.6219,27.78,71,91,3.06,BR,1714947586
523,okahandja,-21.9833,16.9167,16.79,23,0,3.8,NA,1714947586
524,miles city,46.4083,-105.8406,24.54,31,0,8.23,US,1714947586
525,bamusso,4.4591,8.9027,27.64,83,92,1.55,CM,1714947586
526,bichura,50.5881,107.6022,9.33,59,11,1.32,RU,1714947587
527,colonia,50.9333,6.95,14.42,74,0,1.03,DE,1714947587
528,chibougamau,49.9168,-74.3659,10.79,93,100,5.66,CA,1714947587
529,colipapa,9.4726,122.5616,27.8,75,33,1.8,PH,1714947587
530,beterou,9.1992,2.2586,30.78,55,45,4.91,BJ,1714947587
531,sitangkai,4.6628,119.3928,28.44,72,90,2.47,PH,1714947588
532,general conesa,-40.1,-64.4333,11.21,28,1,2.7,AR,1714947588
533,galliano,29.4422,-90.2992,29.0,65,40,3.09,US,1714947588
534,kananga,-5.8958,22.4178,22.26,61,69,1.48,CD,1714947588
535,huayin,34.5675,110.0921,17.11,61,0,2.19,CN,1714947588
536,hongjiang,27.11,109.9956,18.78,89,100,0.99,CN,1714947589
537,qiryat shemona,33.2073,35.5721,17.05,92,12,1.62,IL,1714947589
538,khovd,48.0056,91.6419,13.97,18,1,3.43,MN,1714947589
539,nanakuli,21.3906,-158.1547,27.97,54,20,6.17,US,1714947589
540,bikenibeu village,1.3673,173.1241,29.98,74,75,1.54,KI,1714947589
541,robore,-18.3333,-59.75,30.37,38,0,2.13,BO,1714947590
542,santa rita,-7.1139,-34.9781,27.37,83,20,3.09,BR,1714947590
543,holualoa,19.6228,-155.9522,24.91,80,40,3.6,US,1714947590
544,colby,39.3958,-101.0524,20.02,63,89,9.83,US,1714947590
545,novyy urgal,51.0736,132.5642,4.1,70,2,1.73,RU,1714947590
546,princeville,45.7668,-61.2985,12.64,69,48,1.34,CA,1714947591
547,pasni,25.2631,63.471,27.32,79,0,7.28,PK,1714947591
548,talcahuano,-36.7167,-73.1167,10.5,58,29,3.26,CL,1714947591
549,toliara,-23.35,43.6667,21.7,69,0,1.55,MG,1714947591
550,novoaleksandrovsk,45.4948,41.2207,4.37,90,8,1.01,RU,1714947591
551,prince rupert,54.3161,-130.3201,8.7,88,100,3.45,CA,1714947334
552,kigoma,-4.8769,29.6267,23.42,78,77,2.11,TZ,1714947592
553,south hedland,-20.4089,118.5983,20.96,32,40,3.6,AU,1714947592
554,ceelbuur,4.685,46.6176,25.76,78,100,5.75,SO,1714947592
555,puerto yuca,2.9383,-73.2083,22.69,99,100,0.79,CO,1714947592
556,velika obarska,44.8053,19.1642,16.05,71,66,2.68,BA,1714947592
557,toledo,39.8333,-4.0,12.86,94,86,3.98,ES,1714947593
558,jabor,5.921,169.6434,28.12,82,90,8.9,MH,1714947593
559,betio village,1.358,172.9211,30.02,72,94,5.1,KI,1714947593
560,desaguadero,-16.5656,-69.0417,11.67,53,32,3.99,PE,1714947593
561,srednebelaya,50.6594,128.0106,3.21,58,0,1.02,RU,1714947593
562,tenenkou,14.4572,-4.9169,36.82,11,0,4.41,ML,1714947594
563,enugu,6.4402,7.4943,25.72,89,92,1.17,NG,1714947594
564,kivertsi,50.8343,25.4582,13.31,81,100,3.57,UA,1714947594
565,valdivia,-39.8142,-73.2459,7.2,88,74,3.18,CL,1714947594
566,horta,38.5333,-28.6333,18.34,93,100,6.26,PT,1714947594
567,wunnenberg,51.5167,8.7,7.99,89,0,1.03,DE,1714947595
568,lethem,3.3803,-59.7968,29.05,70,81,1.97,GY,1714947595
569,antsiranana,-12.2787,49.2917,25.05,73,10,6.72,MG,1714947595
570,chhor,25.5167,69.7667,28.62,55,0,4.85,PK,1714947595
571,nako,31.8814,78.627,5.4,71,68,1.32,IN,1714947595
572,mcalester,34.9334,-95.7697,18.05,88,100,2.57,US,1714947596
573,heunghae,36.1125,129.3522,18.18,96,100,2.55,KR,1714947596
574,bom jesus,-9.0744,-44.3586,26.87,49,100,1.04,BR,1714947596
575,aral,40.5156,81.2636,23.87,74,32,3.74,CN,1714947596
576,bahia de caraquez,-0.6,-80.4167,26.83,82,100,2.82,EC,1714947597
577,lesneven,48.5723,-4.3213,11.17,85,75,4.12,FR,1714947597
578,naryn,41.4287,75.9911,8.34,75,93,1.37,KG,1714947597
579,dellys,36.9172,3.9131,18.47,52,96,1.32,DZ,1714947597
580,ambato boeny,-16.4667,46.7167,23.51,61,5,3.41,MG,1714947597
581,xianning,29.8833,114.2167,17.06,87,80,1.9,CN,1714947598
582,kattivakkam,13.2167,80.3167,31.17,87,0,7.67,IN,1714947598
583,fray luis beltran,-39.3167,-65.7667,10.47,40,4,0.85,AR,1714947598
584,villa gesell,-37.2639,-56.973,17.81,95,100,4.44,AR,1714947598
